Position,Track Name,Artist,Streams,URL,Date,code,name
1,Reggaetón Lento (Bailemos),CNCO,6784,https://open.spotify.com/track/3AEZUABDXNtecAOSC1qTfo,2017-01-01,bo,Bolivia
2,Otra vez (feat. J Balvin),Zion & Lennox,5748,https://open.spotify.com/track/3QwBODjSEzelZyVjxPOHdq,2017-01-01,bo,Bolivia
3,Chantaje (feat. Maluma),Shakira,5506,https://open.spotify.com/track/6mICuAdrwEjh6Y6lroV2Kg,2017-01-01,bo,Bolivia
4,Vente Pa' Ca (feat. Maluma),Ricky Martin,4804,https://open.spotify.com/track/7DM4BPaS7uofFul3ywMe46,2017-01-01,bo,Bolivia
5,Traicionera,Sebastian Yatra,4780,https://open.spotify.com/track/5J1c3M4EldCfNxXwrwt8mT,2017-01-01,bo,Bolivia
6,Safari,J Balvin,4399,https://open.spotify.com/track/6rQSrBHf7HlZjtcMZ4S4bO,2017-01-01,bo,Bolivia
7,Let Me Love You,DJ Snake,3542,https://open.spotify.com/track/4pdPtRcBmOSQDlJ3Fk945m,2017-01-01,bo,Bolivia
8,La Bicicleta,Carlos Vives,3507,https://open.spotify.com/track/0sXvAOmXgjR2QUqLK1MltU,2017-01-01,bo,Bolivia
9,"Ay Mi Dios (feat. Pitbull, Yandel & Chacal)",IAmChino,3446,https://open.spotify.com/track/6stYbAJgTszHAHZMPxWWCY,2017-01-01,bo,Bolivia
10,Me llamas (feat. Maluma) - Remix,Piso 21,2979,https://open.spotify.com/track/5hEM0JchdVzQ5PwvSfITeX,2017-01-01,bo,Bolivia
11,Closer,The Chainsmokers,2898,https://open.spotify.com/track/7BKLCZ1jbUBVqRi2FVlTVw,2017-01-01,bo,Bolivia
12,Shaky Shaky,Daddy Yankee,2882,https://open.spotify.com/track/58IL315gMSTD37DOZPJ2hf,2017-01-01,bo,Bolivia
13,Vacaciones,Wisin,2747,https://open.spotify.com/track/3dQDid3IUNhZy1OehIfYfE,2017-01-01,bo,Bolivia
14,Andas En Mi Cabeza,Chino & Nacho,2735,https://open.spotify.com/track/5mey7CLLuFToM2P68Qu1gF,2017-01-01,bo,Bolivia
15,Don't Wanna Know,Maroon 5,2566,https://open.spotify.com/track/5MFzQMkrl1FOOng9tq6R9r,2017-01-01,bo,Bolivia
16,Dile Que Tu Me Quieres,Ozuna,2504,https://open.spotify.com/track/20ZAJdsKB5IGbGj4ilRt2o,2017-01-01,bo,Bolivia
17,Starboy,The Weeknd,2480,https://open.spotify.com/track/5aAx2yezTd8zXrkmtKl66Z,2017-01-01,bo,Bolivia
18,One Dance,Drake,2449,https://open.spotify.com/track/1xznGGDReH1oQq0xzbwXa3,2017-01-01,bo,Bolivia
19,Me Llamas,Piso 21,2221,https://open.spotify.com/track/3jpqMaJREkmVDYlRvW1qWC,2017-01-01,bo,Bolivia
20,Borro Cassette,Maluma,2216,https://open.spotify.com/track/6DUdDIRgLqCGq1DwkNWQTN,2017-01-01,bo,Bolivia
21,DUELE EL CORAZON (feat. Wisin),Enrique Iglesias,2214,https://open.spotify.com/track/6YZdkObH88npeKrrkb8Ggf,2017-01-01,bo,Bolivia
22,Me Rehúso,Danny Ocean,2114,https://open.spotify.com/track/6De0lHrwBfPfrhorm9q1Xl,2017-01-01,bo,Bolivia
23,24K Magic,Bruno Mars,2102,https://open.spotify.com/track/6b8Be6ljOzmkOmFslEb23P,2017-01-01,bo,Bolivia
24,We Don't Talk Anymore (feat. Selena Gomez),Charlie Puth,2090,https://open.spotify.com/track/68EMU2RD1ECNeOeJ5qAXCV,2017-01-01,bo,Bolivia
25,In the Name of Love,Martin Garrix,2085,https://open.spotify.com/track/04DwTuZ2VBdJCCC5TROn7L,2017-01-01,bo,Bolivia
26,I Took A Pill In Ibiza - Seeb Remix,Mike Posner,2084,https://open.spotify.com/track/17Fd6Yb7mSbinKG8LoWfFl,2017-01-01,bo,Bolivia
27,Cold Water (feat. Justin Bieber & MØ),Major Lazer,2082,https://open.spotify.com/track/6DNtNfH8hXkqOX1sjqmI7p,2017-01-01,bo,Bolivia
28,"Cuatro Babys (feat. Trap Capos, Noriel, Bryant Myers & Juhn)",Maluma,2081,https://open.spotify.com/track/0JoHqmlqE0W0i9prt6kcHR,2017-01-01,bo,Bolivia
29,Noche Loca,Marama,2046,https://open.spotify.com/track/0gzcET27nREY6aD8LJU9wD,2017-01-01,bo,Bolivia
30,Chillax (feat. Ky-Mani Marley),Farruko,2004,https://open.spotify.com/track/1lxswgIpzV6HhENRvkflES,2017-01-01,bo,Bolivia
31,My Way,Calvin Harris,1987,https://open.spotify.com/track/1vvNmPOiUuyCbgWmtc6yfm,2017-01-01,bo,Bolivia
32,Desde Esa Noche (feat. Maluma),Thalia,1957,https://open.spotify.com/track/1pWYnQIlqxTh5bxuPmTG4E,2017-01-01,bo,Bolivia
33,Gyal You A Party Animal - Remix,Charly Black,1925,https://open.spotify.com/track/1AkTW13ysu0AJrwuM6UY0I,2017-01-01,bo,Bolivia
34,Gyal You A Party Animal,Charly Black,1912,https://open.spotify.com/track/1mSzZKMIPZIkn3jFV7v62b,2017-01-01,bo,Bolivia
35,Bailame Despacio,Xantos,1819,https://open.spotify.com/track/4OaTpLJIa2harufGxfOPUu,2017-01-01,bo,Bolivia
36,Don't Let Me Down (feat. Daya),The Chainsmokers,1803,https://open.spotify.com/track/0QsvXIfqM0zZoerQfsI9lm,2017-01-01,bo,Bolivia
37,Bobo,J Balvin,1742,https://open.spotify.com/track/7AtlMCIauSQZqiXSlbBPW6,2017-01-01,bo,Bolivia
38,Treat You Better,Shawn Mendes,1738,https://open.spotify.com/track/4Hf7WnR761jpxPr5D46Bcd,2017-01-01,bo,Bolivia
39,Muchachita,Bonny Lovy,1724,https://open.spotify.com/track/0B38YZydPDJz9N4uR9hULg,2017-01-01,bo,Bolivia
40,Rockabye (feat. Sean Paul & Anne-Marie),Clean Bandit,1642,https://open.spotify.com/track/5knuzwU65gJK7IF5yJsuaW,2017-01-01,bo,Bolivia
41,Ya Me Enteré (feat. Nicky Jam) - Urban Version,Reik,1615,https://open.spotify.com/track/2SSYqDX8KTgy01NlqtUo0F,2017-01-01,bo,Bolivia
42,Heathens,Twenty One Pilots,1498,https://open.spotify.com/track/6i0V12jOa3mr6uu4WYhUBr,2017-01-01,bo,Bolivia
43,"CAN'T STOP THE FEELING! (Original Song from DreamWorks Animation's ""TROLLS"")",Justin Timberlake,1492,https://open.spotify.com/track/6JV2JOEocMgcZxYSZelKcc,2017-01-01,bo,Bolivia
44,Ride,Twenty One Pilots,1461,https://open.spotify.com/track/2Z8WuEywRWYTKe1NybPQEW,2017-01-01,bo,Bolivia
45,Side To Side,Ariana Grande,1440,https://open.spotify.com/track/4pLwZjInHj3SimIyN9SnOz,2017-01-01,bo,Bolivia
46,La Gozadera (feat. Marc Anthony),Gente De Zona,1435,https://open.spotify.com/track/0OMRAvrtLWE2TvcXorRiB9,2017-01-01,bo,Bolivia
47,Hasta el Amanecer,Nicky Jam,1387,https://open.spotify.com/track/5Fim1gaXBgsiFfsQAfQSDS,2017-01-01,bo,Bolivia
48,Cheap Thrills,Sia,1385,https://open.spotify.com/track/27SdWb2rFzO6GWiYDBTD9j,2017-01-01,bo,Bolivia
49,Amor y dolor,Carlos Baute,1381,https://open.spotify.com/track/4efQTJSX6Jca1hHZNi74Zd,2017-01-01,bo,Bolivia
50,Trumpets,Sak Noel & Salvi,1376,https://open.spotify.com/track/5dH7o4TP3HYLvCjo4QAhhv,2017-01-01,bo,Bolivia
51,Loquita,Marama,1336,https://open.spotify.com/track/2xjcDF21U2ccgE2LEeiMbf,2017-01-01,bo,Bolivia
52,El chisme,Reykon,1307,https://open.spotify.com/track/4VXejnj5WgM6H72ct2fSgQ,2017-01-01,bo,Bolivia
53,Baila Conmigo,Juan Magán,1273,https://open.spotify.com/track/772io14jrMTxGJbijtDccQ,2017-01-01,bo,Bolivia
54,Te Quiero Pa´Mi,Don Omar,1266,https://open.spotify.com/track/3BY2mafsbsoKGqS380Xnuz,2017-01-01,bo,Bolivia
55,Por Fin Te Encontré,Cali Y El Dandee,1235,https://open.spotify.com/track/3GpvoKKWZyTwgbLEM9RmWM,2017-01-01,bo,Bolivia
56,I Feel It Coming,The Weeknd,1215,https://open.spotify.com/track/5GXAXm5YOmYT0kL5jHvYBt,2017-01-01,bo,Bolivia
57,Locuras contigo,Rombai,1201,https://open.spotify.com/track/5jMvnSyOgGY8JpvHqeyVOg,2017-01-01,bo,Bolivia
58,Light It Up (feat. Nyla & Fuse ODG) - Remix,Major Lazer,1157,https://open.spotify.com/track/0L7loeTIg6akW84aEQZpCT,2017-01-01,bo,Bolivia
59,Traicionera - Remix,Sebastian Yatra,1145,https://open.spotify.com/track/2webQDZmtGioeu3zUUi9We,2017-01-01,bo,Bolivia
60,Work,Rihanna,1125,https://open.spotify.com/track/14WWzenpaEgQZlqPq2nk4v,2017-01-01,bo,Bolivia
61,Ando,Bonny Lovy,1101,https://open.spotify.com/track/5a9pr1jMpFgOL9o8HHZU7z,2017-01-01,bo,Bolivia
62,Tan Fácil,CNCO,1052,https://open.spotify.com/track/1TxgZRcy3kZ7JaEp88MDbC,2017-01-01,bo,Bolivia
63,Middle,DJ Snake,1043,https://open.spotify.com/track/4OZEu0Vwq0RB2LAq14v99n,2017-01-01,bo,Bolivia
64,This Is What You Came For (feat. Rihanna),Calvin Harris,1036,https://open.spotify.com/track/0azC730Exh71aQlOt9Zj3y,2017-01-01,bo,Bolivia
65,Cake By The Ocean,DNCE,1025,https://open.spotify.com/track/2aFiaMXmWsM3Vj72F9ksBl,2017-01-01,bo,Bolivia
66,Fuego,Juanes,1003,https://open.spotify.com/track/0mwPE0lPOgnWf2bo14xedJ,2017-01-01,bo,Bolivia
1,Starboy,The Weeknd,139175,https://open.spotify.com/track/5aAx2yezTd8zXrkmtKl66Z,2017-01-01,ca,Canada
2,Closer,The Chainsmokers,128481,https://open.spotify.com/track/7BKLCZ1jbUBVqRi2FVlTVw,2017-01-01,ca,Canada
3,Fake Love,Drake,118532,https://open.spotify.com/track/343YBumqHu19cGoGARUTsd,2017-01-01,ca,Canada
4,Bad and Boujee (feat. Lil Uzi Vert),Migos,100524,https://open.spotify.com/track/4Km5HrUvYTaSUfiSGPJeQR,2017-01-01,ca,Canada
5,One Dance,Drake,90257,https://open.spotify.com/track/1xznGGDReH1oQq0xzbwXa3,2017-01-01,ca,Canada
6,Black Beatles,Rae Sremmurd,90233,https://open.spotify.com/track/6fujklziTHa8uoM5OQSfIo,2017-01-01,ca,Canada
7,Let Me Love You,DJ Snake,89982,https://open.spotify.com/track/4pdPtRcBmOSQDlJ3Fk945m,2017-01-01,ca,Canada
8,I Feel It Coming,The Weeknd,83442,https://open.spotify.com/track/5GXAXm5YOmYT0kL5jHvYBt,2017-01-01,ca,Canada
9,"I Don’t Wanna Live Forever (Fifty Shades Darker) - From ""Fifty Shades Darker (Original Motion Picture Soundtrack)""",ZAYN,78503,https://open.spotify.com/track/3NdDpSvN911VPGivFlV5d0,2017-01-01,ca,Canada
10,Rockabye (feat. Sean Paul & Anne-Marie),Clean Bandit,76004,https://open.spotify.com/track/5knuzwU65gJK7IF5yJsuaW,2017-01-01,ca,Canada
11,Don't Wanna Know,Maroon 5,72533,https://open.spotify.com/track/5MFzQMkrl1FOOng9tq6R9r,2017-01-01,ca,Canada
12,24K Magic,Bruno Mars,71229,https://open.spotify.com/track/6b8Be6ljOzmkOmFslEb23P,2017-01-01,ca,Canada
13,In the Name of Love,Martin Garrix,68840,https://open.spotify.com/track/04DwTuZ2VBdJCCC5TROn7L,2017-01-01,ca,Canada
14,Bad Things (with Camila Cabello),Machine Gun Kelly,65690,https://open.spotify.com/track/1PSBzsahR2AKwLJgx8ehBj,2017-01-01,ca,Canada
15,Broccoli (feat. Lil Yachty),Shelley FKA DRAM,62975,https://open.spotify.com/track/7yyRTcZmCiyzzJlNzGC9Ol,2017-01-01,ca,Canada
16,Side To Side,Ariana Grande,62558,https://open.spotify.com/track/4pLwZjInHj3SimIyN9SnOz,2017-01-01,ca,Canada
17,Call On Me - Ryan Riback Extended Remix,Starley,61220,https://open.spotify.com/track/78rIJddV4X0HkNAInEcYde,2017-01-01,ca,Canada
18,Cold Water (feat. Justin Bieber & MØ),Major Lazer,60993,https://open.spotify.com/track/6DNtNfH8hXkqOX1sjqmI7p,2017-01-01,ca,Canada
19,Starving,Hailee Steinfeld,60245,https://open.spotify.com/track/1qOLh0tI7trd1zdDKxYZTe,2017-01-01,ca,Canada
20,Say You Won't Let Go,James Arthur,59898,https://open.spotify.com/track/5uCax9HTNlzGybIStD3vDh,2017-01-01,ca,Canada
21,All We Know,The Chainsmokers,55174,https://open.spotify.com/track/2rizacJSyD9S1IQUxUxnsK,2017-01-01,ca,Canada
22,The Greatest (feat. Kendrick Lamar),Sia,55032,https://open.spotify.com/track/7xHWNBFm6ObGEQPaUxHuKO,2017-01-01,ca,Canada
23,Love Me Now,John Legend,54705,https://open.spotify.com/track/6nxQdXa1uAL0rY72wPZu89,2017-01-01,ca,Canada
24,Party Monster,The Weeknd,54353,https://open.spotify.com/track/4F7A0DXBrmUAkp32uenhZt,2017-01-01,ca,Canada
25,Too Good,Drake,54237,https://open.spotify.com/track/11KJSRSgaDxqydKYiD2Jew,2017-01-01,ca,Canada
26,Don't Let Me Down (feat. Daya),The Chainsmokers,53173,https://open.spotify.com/track/0QsvXIfqM0zZoerQfsI9lm,2017-01-01,ca,Canada
27,Just Hold On,Steve Aoki,53023,https://open.spotify.com/track/3EmmCZoqpWOTY1g2GBwJoR,2017-01-01,ca,Canada
28,Cheap Thrills,Sia,51172,https://open.spotify.com/track/27SdWb2rFzO6GWiYDBTD9j,2017-01-01,ca,Canada
29,Caroline,Aminé,50912,https://open.spotify.com/track/7FB8l7UA1HKqnuSLjP9qDc,2017-01-01,ca,Canada
30,Treat You Better,Shawn Mendes,50567,https://open.spotify.com/track/4Hf7WnR761jpxPr5D46Bcd,2017-01-01,ca,Canada
31,Now and Later,Sage The Gemini,50460,https://open.spotify.com/track/08WPvDEsHvTFuB9w8tC2OS,2017-01-01,ca,Canada
32,Bounce Back,Big Sean,49868,https://open.spotify.com/track/0SGkqnVQo9KPytSri1H6cF,2017-01-01,ca,Canada
33,This Is What You Came For (feat. Rihanna),Calvin Harris,49859,https://open.spotify.com/track/0azC730Exh71aQlOt9Zj3y,2017-01-01,ca,Canada
34,Heathens,Twenty One Pilots,49740,https://open.spotify.com/track/6i0V12jOa3mr6uu4WYhUBr,2017-01-01,ca,Canada
35,My Way,Calvin Harris,48453,https://open.spotify.com/track/1vvNmPOiUuyCbgWmtc6yfm,2017-01-01,ca,Canada
36,"CAN'T STOP THE FEELING! (Original Song from DreamWorks Animation's ""TROLLS"")",Justin Timberlake,48050,https://open.spotify.com/track/6JV2JOEocMgcZxYSZelKcc,2017-01-01,ca,Canada
37,All Time Low,Jon Bellion,47736,https://open.spotify.com/track/1CnPYaKxTVb4LWOtiGOm0m,2017-01-01,ca,Canada
38,Scars To Your Beautiful,Alessia Cara,47206,https://open.spotify.com/track/0prNGof3XqfTvNDxHonvdK,2017-01-01,ca,Canada
39,Deja Vu,J. Cole,45471,https://open.spotify.com/track/6I6NX6tjGsxFAsIfGzY9lJ,2017-01-01,ca,Canada
40,Into You,Ariana Grande,45059,https://open.spotify.com/track/7yHEDfrJNd0zWOfXwydNH0,2017-01-01,ca,Canada
41,The Mack,Nevada,44607,https://open.spotify.com/track/7aV2mflaASUmGhCErm7kBO,2017-01-01,ca,Canada
42,I Took A Pill In Ibiza - Seeb Remix,Mike Posner,44425,https://open.spotify.com/track/17Fd6Yb7mSbinKG8LoWfFl,2017-01-01,ca,Canada
43,Work from Home (feat. Ty Dolla $ign),Fifth Harmony,42432,https://open.spotify.com/track/4tCtwWceOPWzenK2HAIJSb,2017-01-01,ca,Canada
44,Mercy,Shawn Mendes,42296,https://open.spotify.com/track/4TZy1wLyHec06pwgFYDh1a,2017-01-01,ca,Canada
45,All Night,The Vamps,42295,https://open.spotify.com/track/4b4KcovePX8Ke2cLIQTLM0,2017-01-01,ca,Canada
46,Sneakin’,Drake,40930,https://open.spotify.com/track/4ckuS4Nj4FZ7i3Def3Br8W,2017-01-01,ca,Canada
47,X (feat. Future),21 Savage,40767,https://open.spotify.com/track/6fwdbPMwP1zVStm8FybmkO,2017-01-01,ca,Canada
48,Controlla,Drake,40453,https://open.spotify.com/track/6F609ICg9Spjrw1epsAnpa,2017-01-01,ca,Canada
49,Sunset Lover,Petit Biscuit,40273,https://open.spotify.com/track/0hNduWmlWmEmuwEFcYvRu1,2017-01-01,ca,Canada
50,OOOUUU,Young M.A,39542,https://open.spotify.com/track/7JYsArznYOjX2jsrT3UEnL,2017-01-01,ca,Canada
51,Panda,Desiigner,39097,https://open.spotify.com/track/5OOkp4U9P9oL23maHFHL1h,2017-01-01,ca,Canada
52,Trust Nobody (feat. Selena Gomez & Tory Lanez),Cashmere Cat,38380,https://open.spotify.com/track/2wDjpPW3HZdA9quPPmZAMu,2017-01-01,ca,Canada
53,Chill Bill (feat. J. Davi$ & Spooks),Rob $tone,38341,https://open.spotify.com/track/5uDASfU19gDxSjW8cnCaBp,2017-01-01,ca,Canada
54,Sidewalks,The Weeknd,38276,https://open.spotify.com/track/4h90qkbnW1Qq6pBhoPvwko,2017-01-01,ca,Canada
55,"How Far I'll Go - From ""Moana""",Alessia Cara,37545,https://open.spotify.com/track/5hYTyyh2odQKphUbMqc5gN,2017-01-01,ca,Canada
56,Work,Rihanna,36837,https://open.spotify.com/track/14WWzenpaEgQZlqPq2nk4v,2017-01-01,ca,Canada
57,Jumpman,Drake,36713,https://open.spotify.com/track/27GmP9AWRs744SzKcpJsTZ,2017-01-01,ca,Canada
58,We Don't Talk Anymore (feat. Selena Gomez),Charlie Puth,36161,https://open.spotify.com/track/68EMU2RD1ECNeOeJ5qAXCV,2017-01-01,ca,Canada
59,Love Yourself,Justin Bieber,35364,https://open.spotify.com/track/3hB5DgAiMAQ4DzYbsMq1IT,2017-01-01,ca,Canada
60,Light It Up (feat. Nyla & Fuse ODG) - Remix,Major Lazer,35183,https://open.spotify.com/track/0L7loeTIg6akW84aEQZpCT,2017-01-01,ca,Canada
61,Gold,Kiiara,35058,https://open.spotify.com/track/6WhzFzROw3aq3rPWjgYlxr,2017-01-01,ca,Canada
62,Water Under the Bridge,Adele,34782,https://open.spotify.com/track/4vb4mFvYsr2h6enhjJsq9Y,2017-01-01,ca,Canada
63,No Heart,21 Savage,34538,https://open.spotify.com/track/4gmmRb6bZJffOOiww1JGTO,2017-01-01,ca,Canada
64,Needed Me,Rihanna,34252,https://open.spotify.com/track/1Tt4sE4pXi57mTD1GCzsqm,2017-01-01,ca,Canada
65,Cake By The Ocean,DNCE,33676,https://open.spotify.com/track/2aFiaMXmWsM3Vj72F9ksBl,2017-01-01,ca,Canada
66,Six Feet Under,The Weeknd,33643,https://open.spotify.com/track/4mU5iXHeLgbR94siF7p1sY,2017-01-01,ca,Canada
67,By Your Side,Jonas Blue,33438,https://open.spotify.com/track/1D3ODoXHBLpdxolZRHWV1j,2017-01-01,ca,Canada
68,Steady 1234 (feat. Jasmine Thompson & Skizzy Mars),Vice,32915,https://open.spotify.com/track/40UroIGvsMPLPBYwH8rMNA,2017-01-01,ca,Canada
69,Not Going Home (feat. Gia Koka),DVBBS,32578,https://open.spotify.com/track/042x9bsUBWW2fJgJ6fUh61,2017-01-01,ca,Canada
70,I Would Like,Zara Larsson,32407,https://open.spotify.com/track/4Q4jmPHwu0wrJvqrld0FQ6,2017-01-01,ca,Canada
71,Juju on That Beat (TZ Anthem),Zay Hilfigerrr,32149,https://open.spotify.com/track/1lItf5ZXJc1by9SbPeljFd,2017-01-01,ca,Canada
72,Sorry,Justin Bieber,31945,https://open.spotify.com/track/69bp2EbF7Q2rqc5N3ylezZ,2017-01-01,ca,Canada
73,No Role Modelz,J. Cole,31437,https://open.spotify.com/track/62vpWI1CHwFy7tMIcSStl8,2017-01-01,ca,Canada
74,Stressed Out,Twenty One Pilots,30924,https://open.spotify.com/track/3CRDbSIZ4r5MsZ0YwxuEkn,2017-01-01,ca,Canada
75,Send My Love (To Your New Lover),Adele,30795,https://open.spotify.com/track/4BHzQ9C00ceJxfG16AlNWb,2017-01-01,ca,Canada
76,Ride,Twenty One Pilots,30684,https://open.spotify.com/track/2Z8WuEywRWYTKe1NybPQEW,2017-01-01,ca,Canada
77,Lot to Learn,Luke Christopher,30240,https://open.spotify.com/track/2HzfRSfCogBSsgW2CckVA2,2017-01-01,ca,Canada
78,Weak,AJR,30221,https://open.spotify.com/track/3E2Zh20GDCR9B1EYjfXWyv,2017-01-01,ca,Canada
79,Shed a Light,Robin Schulz,30111,https://open.spotify.com/track/1cG0umU5TKStygKsPFZ9pY,2017-01-01,ca,Canada
80,"Sucker for Pain (with Wiz Khalifa, Imagine Dragons, Logic & Ty Dolla $ign feat. X Ambassadors)",Lil Wayne,30010,https://open.spotify.com/track/4dASQiO1Eoo3RJvt74FtXB,2017-01-01,ca,Canada
81,Reminder,The Weeknd,29750,https://open.spotify.com/track/37F0uwRSrdzkBiuj0D5UHI,2017-01-01,ca,Canada
82,Make Me (Cry),Noah Cyrus,29327,https://open.spotify.com/track/2BrzlUj1u1CtvaJDGIKpsP,2017-01-01,ca,Canada
83,pick up the phone,Young Thug,29179,https://open.spotify.com/track/20dP2DaMHIAmwWAbp7peSr,2017-01-01,ca,Canada
84,Lean On (feat. MØ & DJ Snake),Major Lazer,28983,https://open.spotify.com/track/4WjH9Bzt3kx7z8kl0awxh4,2017-01-01,ca,Canada
85,Lighthouse - Andrelli Remix,Hearts & Colors,28761,https://open.spotify.com/track/04CttTezSnv71USiiG9mIo,2017-01-01,ca,Canada
86,What Do You Mean?,Justin Bieber,28647,https://open.spotify.com/track/3pzjHKrQSvXGHQ98dx18HI,2017-01-01,ca,Canada
87,Low Life (feat. The Weeknd),Future,28644,https://open.spotify.com/track/7EiZI6JVHllARrX9PUvAdX,2017-01-01,ca,Canada
88,Fast Car,Jonas Blue,28383,https://open.spotify.com/track/6OZh916QF8XNunWaP97WEZ,2017-01-01,ca,Canada
89,Light,San Holo,28270,https://open.spotify.com/track/7zTx8ePYAmPFQuxP3xlXZn,2017-01-01,ca,Canada
90,Hymn for the Weekend - Seeb Remix,Coldplay,28084,https://open.spotify.com/track/1OAiWI2oPmglaOiv9fdioU,2017-01-01,ca,Canada
91,Capsize,FRENSHIP,27764,https://open.spotify.com/track/2XMTqoHHSH0lvuXrvIEdco,2017-01-01,ca,Canada
92,Chantaje (feat. Maluma),Shakira,27607,https://open.spotify.com/track/6mICuAdrwEjh6Y6lroV2Kg,2017-01-01,ca,Canada
93,"Me, Myself & I",G-Eazy,27519,https://open.spotify.com/track/40YcuQysJ0KlGQTeGUosTC,2017-01-01,ca,Canada
94,I Got You,Bebe Rexha,27467,https://open.spotify.com/track/1FUViuNSldssMIawrOXF2i,2017-01-01,ca,Canada
95,Taped up Heart (feat. Clara Mae),KREAM,27411,https://open.spotify.com/track/26hcyzSE154xMZCbFdtInA,2017-01-01,ca,Canada
96,My House,Flo Rida,26150,https://open.spotify.com/track/6Knv6wdA0luoMUuuoYi2i1,2017-01-01,ca,Canada
97,This Girl (Kungs Vs. Cookin' On 3 Burners),Kungs,25940,https://open.spotify.com/track/0tICYNayWWhH9GPeFrfjfD,2017-01-01,ca,Canada
98,Roses (feat. ROZES),The Chainsmokers,25830,https://open.spotify.com/track/6O6M7pJLABmfBRoGZMu76Y,2017-01-01,ca,Canada
99,Say It (feat. Tove Lo),Flume,25759,https://open.spotify.com/track/4sQMalN597HdggTu196aL0,2017-01-01,ca,Canada
100,Wake Up Where You Are,State of Sound,24883,https://open.spotify.com/track/2s76aKBWKShlwPC4xTtEEE,2017-01-01,ca,Canada
101,Redbone,Childish Gambino,24867,https://open.spotify.com/track/3kxfsdsCpFgN412fpnW85Y,2017-01-01,ca,Canada
102,Dynamite (feat. Pretty Sister),Nause,24826,https://open.spotify.com/track/2Ae5awwKvQpTBKQHr1TYCg,2017-01-01,ca,Canada
103,Faded,Alan Walker,24665,https://open.spotify.com/track/7gHs73wELdeycvS48JfIos,2017-01-01,ca,Canada
104,Can't Feel My Face,The Weeknd,24601,https://open.spotify.com/track/6RsWqX8zABZLhZydXxEFOm,2017-01-01,ca,Canada
105,Love On The Brain,Rihanna,24376,https://open.spotify.com/track/2aksifNn5ph8igDOkPBA02,2017-01-01,ca,Canada
106,goosebumps,Travis Scott,24368,https://open.spotify.com/track/6gBFPUFcJLzWGx4lenP6h2,2017-01-01,ca,Canada
107,Sugar (feat. Francesco Yates),Robin Schulz,24346,https://open.spotify.com/track/5tf1VVWniHgryyumXyJM7w,2017-01-01,ca,Canada
108,Hotline Bling,Drake,24334,https://open.spotify.com/track/2FBUoWkIuQXwayw2RNo5l6,2017-01-01,ca,Canada
109,Never Be Like You,Flume,24329,https://open.spotify.com/track/12REd1n8PeiHHWOh066tpr,2017-01-01,ca,Canada
110,LUV,Tory Lanez,24241,https://open.spotify.com/track/16Ah4QqH4mgYVXqfC4mdSd,2017-01-01,ca,Canada
111,Let Me Hold You (Turn Me On),Dante Klein,24220,https://open.spotify.com/track/0lmdsH1MIoLsMymnNpd6HU,2017-01-01,ca,Canada
112,What They Want,Russ,23978,https://open.spotify.com/track/3pndPhlQWjuSoXhcIIdBjv,2017-01-01,ca,Canada
113,Setting Fires,The Chainsmokers,23775,https://open.spotify.com/track/0B8B8cVRFIG1yznoQe7c9s,2017-01-01,ca,Canada
114,Miss You,James Hersey,23731,https://open.spotify.com/track/7of1slAJIWrXxP8ikAHxje,2017-01-01,ca,Canada
115,Used to This (feat. Drake),Future,23526,https://open.spotify.com/track/78sr3ogs4UzITcCNbXM9cM,2017-01-01,ca,Canada
116,Hear Me Now,Alok,23524,https://open.spotify.com/track/1a5Yu5L18qNxVhXx38njON,2017-01-01,ca,Canada
117,No Problem (feat. Lil Wayne & 2 Chainz),Chance the Rapper,23442,https://open.spotify.com/track/0v9Wz8o0BT8DU38R4ddjeH,2017-01-01,ca,Canada
118,Oh Lord,MiC LOWRY,22947,https://open.spotify.com/track/1sTUEdVO85YU8Ymk2jeAls,2017-01-01,ca,Canada
119,Immortal,J. Cole,22717,https://open.spotify.com/track/6AGON2BGdPmPMJGiiNuuwl,2017-01-01,ca,Canada
120,Neighbors,J. Cole,22680,https://open.spotify.com/track/0utlOiJy2weVl9WTkcEWHy,2017-01-01,ca,Canada
121,Swang,Rae Sremmurd,22616,https://open.spotify.com/track/6mapJIPnQ23RTAevUoE0DL,2017-01-01,ca,Canada
122,Litty (feat. Tory Lanez),Meek Mill,22343,https://open.spotify.com/track/5J5PXmMdQ2nh1lZOal8KmK,2017-01-01,ca,Canada
123,Solo Dance,Martin Jensen,22149,https://open.spotify.com/track/6HUnnBwYZqcED1eQztxMBN,2017-01-01,ca,Canada
124,2 Heads,Coleman Hell,22141,https://open.spotify.com/track/32FX4D4eT8LFP07QvlhSn8,2017-01-01,ca,Canada
125,The Hills,The Weeknd,21974,https://open.spotify.com/track/25khomWgBVamSdKw7hzm3l,2017-01-01,ca,Canada
126,Not Nice,PARTYNEXTDOOR,21924,https://open.spotify.com/track/4STaHtfguDMkWbPEo6Fwcx,2017-01-01,ca,Canada
127,Famous,Kanye West,21297,https://open.spotify.com/track/19a3JfW8BQwqHWUMbcqSx8,2017-01-01,ca,Canada
128,679 (feat. Remy Boyz),Fetty Wap,21142,https://open.spotify.com/track/5NQbUaeTEOGdD6hHcre0dZ,2017-01-01,ca,Canada
129,"i hate u, i love u (feat. olivia o'brien)",gnash,21113,https://open.spotify.com/track/7vRriwrloYVaoAe3a9wJHe,2017-01-01,ca,Canada
130,Billie Jean,Michael Jackson,21055,https://open.spotify.com/track/5ChkMS8OtdzJeqyybCc9R5,2017-01-01,ca,Canada
131,Rockin’,The Weeknd,21011,https://open.spotify.com/track/36YCdzT57us0LhDmCYtrNE,2017-01-01,ca,Canada
132,Please Don't Go,Joel Adams,20815,https://open.spotify.com/track/3cNjgVBKTJ1SvKhunrCdVy,2017-01-01,ca,Canada
133,Pop Style,Drake,20690,https://open.spotify.com/track/1WRy5l3TwrwlzNmB5bOeKw,2017-01-01,ca,Canada